{
  "flow_file": "flow_medium4.json",
  "seed": 0,
  "g_ns": 60,
  "g_ew": 60,
  "throughput": 1439,
  "average_queue_length": 1.7083333333333333,
  "average_waiting_time": 4.273801250868659,
  "average_travel_time": 53.192494788047256,
  "episode_length": 3600
}