{
  "flow_file": "flow_high4.json",
  "seed": 0,
  "g_ns": 60,
  "g_ew": 60,
  "throughput": 2016,
  "average_queue_length": 2.5880555555555556,
  "average_waiting_time": 4.621527777777778,
  "average_travel_time": 54.680059523809526,
  "episode_length": 3600
}