{
  "flow_file": "flow_medium2.json",
  "seed": 0,
  "g_ns": 60,
  "g_ew": 60,
  "throughput": 1482,
  "average_queue_length": 1.8280555555555555,
  "average_waiting_time": 4.440620782726046,
  "average_travel_time": 54.04116059379217,
  "episode_length": 3600
}