{
  "flow_file": "flow_high1.json",
  "seed": 0,
  "g_ns": 60,
  "g_ew": 60,
  "throughput": 2007,
  "average_queue_length": 2.6991666666666667,
  "average_waiting_time": 4.841554559043348,
  "average_travel_time": 55.50921773791729,
  "episode_length": 3600
}