{
  "flow_file": "flow_low4.json",
  "seed": 0,
  "g_ns": 60,
  "g_ew": 60,
  "throughput": 882,
  "average_queue_length": 1.0005555555555556,
  "average_waiting_time": 4.083900226757369,
  "average_travel_time": 52.359410430839006,
  "episode_length": 3600
}