{
  "flow_file": "flow_low3.json",
  "seed": 0,
  "g_ns": 60,
  "g_ew": 60,
  "throughput": 930,
  "average_queue_length": 1.0894444444444444,
  "average_waiting_time": 4.2172043010752684,
  "average_travel_time": 52.918279569892476,
  "episode_length": 3600
}