{
  "flow_file": "flow_high3.json",
  "throughput": 2028,
  "average_queue_length": 2.671666666666667,
  "average_waiting_time": 4.742603550295858,
  "average_travel_time": 66.48816568047337
}