{
  "flow_file": "flow_medium3.json",
  "throughput": 1498,
  "average_queue_length": 0.4063888888888889,
  "average_waiting_time": 0.9766355140186916,
  "average_travel_time": 50.92456608811749
}