{
  "flow_file": "flow_high4.json",
  "throughput": 2018,
  "average_queue_length": 1.5466666666666666,
  "average_waiting_time": 2.759167492566898,
  "average_travel_time": 59.425173439048564
}