{
  "flow_file": "flow_high0.json",
  "throughput": 1996,
  "average_queue_length": 1.3666666666666667,
  "average_waiting_time": 2.464929859719439,
  "average_travel_time": 57.9689378757515
}